[
    {"_id": 1, "nome": "verde"},
    {"_id": 2, "nome": "azul"},
    {"_id": 3, "nome": "vermelho"},
    {"_id": 4, "nome": "amarelo"},
    {"_id": 5, "nome": "cinza"},
    {"_id": 6, "nome": "branco"},
    {"_id": 7, "nome": "preto"},
    {"_id": 8, "nome": "roxo"},
    {"_id": 9, "nome": "rosa"},
    {"_id": 10, "nome": "marrom"},
    {"_id": 11, "nome": "laranja"},
    {"_id": 12, "nome": "bege"},
    {"_id": 13, "nome": "violeta"},
    {"_id": 14, "nome": "pêssego"},
    {"_id": 15, "nome": "amarelo claro"},
    {"_id": 16, "nome": "verde limão"},
    {"_id": 17, "nome": "azul marinho"},
    {"_id": 18, "nome": "cinza claro"},
    {"_id": 19, "nome": "cinza escuro"},
    {"_id": 20, "nome": "preto fosco"},
    {"_id": 21, "nome": "prata"},
    {"_id": 22, "nome": "dourado"},
    {"_id": 23, "nome": "turquesa"},
    {"_id": 24, "nome": "indigo"},
    {"_id": 25, "nome": "verde musgo"},
    {"_id": 26, "nome": "azul celeste"},
    {"_id": 27, "nome": "púrpura"},
    {"_id": 28, "nome": "ocre"},
    {"_id": 29, "nome": "champanhe"},
    {"_id": 30, "nome": "coral"}
]
  