[
  { "_id": 1, "sigla": "AC", "nome": "Acre" },
  { "_id": 2, "sigla": "AL", "nome": "Alagoas" },
  { "_id": 3, "sigla": "AP", "nome": "Amapá" },
  { "_id": 4, "sigla": "AM", "nome": "Amazonas" },
  { "_id": 5, "sigla": "BA", "nome": "Bahia" },
  { "_id": 6, "sigla": "CE", "nome": "Ceará" },
  { "_id": 7, "sigla": "DF", "nome": "Distrito Federal" },
  { "_id": 8, "sigla": "ES", "nome": "Espírito Santo" },
  { "_id": 9, "sigla": "GO", "nome": "Goiás" },
  { "_id": 10, "sigla": "MA", "nome": "Maranhão" },
  { "_id": 11, "sigla": "MT", "nome": "Mato Grosso" },
  { "_id": 12, "sigla": "MS", "nome": "Mato Grosso do Sul" },
  { "_id": 13, "sigla": "MG", "nome": "Minas Gerais" },
  { "_id": 14, "sigla": "PA", "nome": "Pará" },
  { "_id": 15, "sigla": "PB", "nome": "Paraíba" },
  { "_id": 16, "sigla": "PR", "nome": "Paraná" },
  { "_id": 17, "sigla": "PE", "nome": "Pernambuco" },
  { "_id": 18, "sigla": "PI", "nome": "Piauí" },
  { "_id": 19, "sigla": "RJ", "nome": "Rio de Janeiro" },
  { "_id": 20, "sigla": "RN", "nome": "Rio Grande do Norte" },
  { "_id": 21, "sigla": "RS", "nome": "Rio Grande do Sul" },
  { "_id": 22, "sigla": "RO", "nome": "Rondônia" },
  { "_id": 23, "sigla": "RR", "nome": "Roraima" },
  { "_id": 24, "sigla": "SC", "nome": "Santa Catarina" },
  { "_id": 25, "sigla": "SP", "nome": "São Paulo" },
  { "_id": 26, "sigla": "SE", "nome": "Sergipe" },
  { "_id": 27, "sigla": "TO", "nome": "Tocantins" }
]
