[
    { "_id": 1, "descricao": "Falta do cinto de segurança", "valor": 195.32, "pontos": 5 },
    { "_id": 2, "descricao": "Uso de celular ao dirigir", "valor": 293.47, "pontos": 7 },
    { "_id": 3, "descricao": "Dirigir sob efeito de álcool", "valor": 2935.43, "pontos": 7 },
    { "_id": 4, "descricao": "Estacionamento em local proibido", "valor": 195.32, "pontos": 4 },
    { "_id": 5, "descricao": "Avançar sinal vermelho", "valor": 195.32, "pontos": 5 },
    { "_id": 6, "descricao": "Excesso de velocidade", "valor": 130.16, "pontos": 4 },
    { "_id": 7, "descricao": "Conduzir sem habilitação", "valor": 1953.21, "pontos": 7 },
    { "_id": 8, "descricao": "Não utilização de capacete", "valor": 195.32, "pontos": 5 },
    { "_id": 9, "descricao": "Dirigir com farol apagado à noite", "valor": 130.16, "pontos": 4 },
    { "_id": 10, "descricao": "Fazer manobras perigosas", "valor": 293.47, "pontos": 5 },
    { "_id": 11, "descricao": "Ultrapassagem em local proibido", "valor": 293.47, "pontos": 7 },
    { "_id": 12, "descricao": "Transitar pela calçada", "valor": 130.16, "pontos": 3 },
    { "_id": 13, "descricao": "Deixar de dar preferência a pedestres", "valor": 195.32, "pontos": 4 },
    { "_id": 14, "descricao": "Conduzir veículo com licenciamento vencido", "valor": 293.47, "pontos": 7 },
    { "_id": 15, "descricao": "Deixar de sinalizar mudança de faixa", "valor": 88.38, "pontos": 3 },
    { "_id": 16, "descricao": "Uso de fones de ouvido enquanto dirige", "valor": 130.16, "pontos": 4 },
    { "_id": 17, "descricao": "Parar sobre a faixa de pedestres", "valor": 195.32, "pontos": 4 },
    { "_id": 18, "descricao": "Conduzir motocicleta com criança menor de 7 anos", "valor": 293.47, "pontos": 7 },
    { "_id": 19, "descricao": "Estacionar em vaga de deficiente sem autorização", "valor": 293.47, "pontos": 5 },
    { "_id": 20, "descricao": "Deixar de manter distância segura do veículo à frente", "valor": 130.16, "pontos": 4 },
    { "_id": 21, "descricao": "Transitar na faixa exclusiva de ônibus", "valor": 130.16, "pontos": 4 },
    { "_id": 22, "descricao": "Avançar o sinal de parada obrigatória (placa PARE)", "valor": 195.32, "pontos": 5 },
    { "_id": 23, "descricao": "Conduzir veículo com placas ilegíveis ou em desacordo com o padrão", "valor": 293.47, "pontos": 5 },
    { "_id": 24, "descricao": "Deixar de usar luz baixa à noite ou em túneis", "valor": 130.16, "pontos": 4 },
    { "_id": 25, "descricao": "Deixar de prestar socorro à vítima de acidente", "valor": 1467.35, "pontos": 7 },
    { "_id": 26, "descricao": "Conduzir veículo com excesso de passageiros", "valor": 130.16, "pontos": 4 },
    { "_id": 27, "descricao": "Conduzir veículo com som em volume excessivo", "valor": 195.32, "pontos": 5 },
    { "_id": 28, "descricao": "Efetuar conversão em local proibido", "valor": 195.32, "pontos": 5 },
    { "_id": 29, "descricao": "Transportar criança sem cadeirinha adequada", "valor": 293.47, "pontos": 7 },
    { "_id": 30, "descricao": "Fugir de blitz ou abordagem policial", "valor": 2934.70, "pontos": 7 },
    { "_id": 31, "descricao": "Conduzir veículo registrado que não esteja devidamente licenciado", "valor": 293.47, "pontos": 7 },
    { "_id": 32, "descricao": "Conduzir veículo com equipamento obrigatório ineficiente ou inoperante", "valor": 195.32, "pontos": 5 },
    { "_id": 33, "descricao": "Usar indevidamente buzina entre as 22 e 6 horas", "valor": 88.38, "pontos": 3 },
    { "_id": 34, "descricao": "Estacionar em frente a guia rebaixada destinada à entrada/saída de veículos", "valor": 195.32, "pontos": 5 },
    { "_id": 35, "descricao": "Parar o veículo na contramão de direção", "valor": 130.16, "pontos": 4 },
    { "_id": 36, "descricao": "Transitar em velocidade superior à máxima permitida em mais de 20% até 50%", "valor": 195.23, "pontos": 5 },
    { "_id": 37, "descricao": "Conduzir o veículo sem portar a documentação obrigatória", "valor": 88.38, "pontos": 3 },
    { "_id": 38, "descricao": "Usar o veículo para arremessar água ou detritos sobre pedestres ou veículos", "valor": 130.16, "pontos": 4 },
    { "_id": 39, "descricao": "Deixar de acionar o limpador de para-brisa sob chuva", "valor": 130.16, "pontos": 4 },
    { "_id": 40, "descricao": "Conduzir motocicleta com viseira ou óculos de proteção em desacordo", "valor": 195.32, "pontos": 7 },
    { "_id": 41, "descricao": "Deixar de reduzir a velocidade ao ultrapassar ciclista", "valor": 293.47, "pontos": 7 },
    { "_id": 42, "descricao": "Estacionar em local/horário proibido pela sinalização", "valor": 130.16, "pontos": 4 },
    { "_id": 43, "descricao": "Conduzir veículo com descarga livre ou silenciador adulterado", "valor": 195.32, "pontos": 5 },
    { "_id": 44, "descricao": "Transportar passageiro sem o uso do cinto de segurança", "valor": 195.32, "pontos": 5 },
    { "_id": 45, "descricao": "Conduzir veículo com faróis desregulados", "valor": 130.16, "pontos": 4 },
    { "_id": 46, "descricao": "Estacionar o veículo afastado da guia da calçada (meio-fio) de 50 cm a 1 m", "valor": 130.16, "pontos": 4 },
    { "_id": 47, "descricao": "Transitar com veículo em calçadas, passeios ou ciclovias", "valor": 195.32, "pontos": 5 },
    { "_id": 48, "descricao": "Parar o veículo sobre faixas de pedestres na mudança do sinal", "valor": 195.32, "pontos": 5 },
    { "_id": 49, "descricao": "Conduzir motocicleta com farol apagado, mesmo durante o dia", "valor": 130.16, "pontos": 4 },
    { "_id": 50, "descricao": "Recusar-se a fazer teste do bafômetro ou exame clínico", "valor": 2934.70, "pontos": 7 }
]