[
    { "_id": 5, "nome": "Toyota" },
    { "_id": 6, "nome": "Honda" },
    { "_id": 7, "nome": "Hyundai" },
    { "_id": 8, "nome": "Renault" },
    { "_id": 9, "nome": "Nissan" },
    { "_id": 10, "nome": "Peugeot" },
    { "_id": 11, "nome": "Citroën" },
    { "_id": 12, "nome": "Jeep" },
    { "_id": 13, "nome": "Kia" },
    { "_id": 14, "nome": "Mitsubishi" },
    { "_id": 15, "nome": "Mercedes-Benz" },
    { "_id": 16, "nome": "BMW" },
    { "_id": 17, "nome": "Volvo" },
    { "_id": 18, "nome": "Audi" },
    { "_id": 19, "nome": "Subaru" },
    { "_id": 20, "nome": "Land Rover" }
]