[
  { "_id": 1, "nome": "Gol", "marca_id": 1 },
  { "_id": 2, "nome": "Polo", "marca_id": 1 },
  { "_id": 3, "nome": "Uno", "marca_id": 2 },
  { "_id": 4, "nome": "Cronos", "marca_id": 2 },
  { "_id": 5, "nome": "Onix", "marca_id": 3 },
  { "_id": 6, "nome": "Tracker", "marca_id": 3 },
  { "_id": 7, "nome": "Ka", "marca_id": 4 },
  { "_id": 8, "nome": "EcoSport", "marca_id": 4 },
  { "_id": 9, "nome": "Corolla", "marca_id": 5 },
  { "_id": 10, "nome": "Hilux", "marca_id": 5 },
  { "_id": 11, "nome": "Civic", "marca_id": 6 },
  { "_id": 12, "nome": "HR-V", "marca_id": 6 },
  { "_id": 13, "nome": "HB20", "marca_id": 7 },
  { "_id": 14, "nome": "Creta", "marca_id": 7 },
  { "_id": 15, "nome": "Sandero", "marca_id": 8 },
  { "_id": 16, "nome": "Duster", "marca_id": 8 },
  { "_id": 17, "nome": "Kicks", "marca_id": 9 },
  { "_id": 18, "nome": "Versa", "marca_id": 9 },
  { "_id": 19, "nome": "208", "marca_id": 10 },
  { "_id": 20, "nome": "2008", "marca_id": 10 },
  { "_id": 21, "nome": "C3", "marca_id": 11 },
  { "_id": 22, "nome": "C4 Cactus", "marca_id": 11 },
  { "_id": 23, "nome": "Renegade", "marca_id": 12 },
  { "_id": 24, "nome": "Compass", "marca_id": 12 },
  { "_id": 25, "nome": "Sportage", "marca_id": 13 },
  { "_id": 26, "nome": "Cerato", "marca_id": 13 },
  { "_id": 27, "nome": "Lancer", "marca_id": 14 },
  { "_id": 28, "nome": "Outlander", "marca_id": 14 },
  { "_id": 29, "nome": "Classe C", "marca_id": 15 },
  { "_id": 30, "nome": "GLA", "marca_id": 15 },
  { "_id": 31, "nome": "Série 3", "marca_id": 16 },
  { "_id": 32, "nome": "X1", "marca_id": 16 },
  { "_id": 33, "nome": "XC60", "marca_id": 17 },
  { "_id": 34, "nome": "S60", "marca_id": 17 },
  { "_id": 35, "nome": "A3", "marca_id": 18 },
  { "_id": 36, "nome": "Q3", "marca_id": 18 },
  { "_id": 37, "nome": "Forester", "marca_id": 19 },
  { "_id": 38, "nome": "Impreza", "marca_id": 19 },
  { "_id": 39, "nome": "Discovery", "marca_id": 20 },
  { "_id": 40, "nome": "Range Rover Evoque", "marca_id": 20 }
]